code,name,market,close,chg,volume,value,mcap
005930,삼성전자,KOSPI,286500.0,3.62,19385053.0,5553817684500.0,1674958800000000.0
000660,SK하이닉스,KOSPI,1863000.0,1.25,2886116.0,5376834108000.0,1360907300000000.0
005935,삼성전자우,KOSPI,222000.0,4.96,5763244.0,1279440168000.0,178126400000000.0
402340,SK스퀘어,KOSPI,1181000.0,4.24,640292.0,756184852000.0,155802200000000.0
009150,삼성전기,KOSPI,1501000.0,1.01,496091.0,744632591000.0,112115200000000.0
373220,LG에너지솔루션,KOSPI,352000.0,0.43,222728.0,78400256000.0,82368000000000.0
005380,현대차,KOSPI,357000.0,-0.97,550575.0,196555275000.0,72637500000000.0
207940,삼성바이오로직스,KOSPI,1373000.0,-1.29,37490.0,51473770000.0,63557500000000.0
105560,KB금융,KOSPI,174100.0,-0.91,679189.0,118246804900.0,61751100000000.0
028260,삼성물산,KOSPI,368500.0,0.41,275715.0,101600977500.0,59758800000000.0
032830,삼성생명,KOSPI,295000.0,1.37,223073.0,65806535000.0,59000000000000.0
012450,한화에어로스페이스,KOSPI,1031000.0,-2.46,129794.0,133817614000.0,53161900000000.0
034020,두산에너빌리티,KOSPI,82700.0,-4.39,4585876.0,379251945200.0,52974400000000.0
055550,신한지주,KOSPI,110100.0,-2.74,895919.0,98640681900.0,51686500000000.0
329180,HD현대중공업,KOSPI,444000.0,-2.52,190465.0,84566460000.0,46602800000000.0
000270,기아,KOSPI,116200.0,-1.94,798446.0,92779425200.0,45366000000000.0
034730,SK,KOSPI,607000.0,3.23,129962.0,78886934000.0,44009100000000.0
006400,삼성SDI,KOSPI,521000.0,-1.51,376430.0,196120030000.0,41985100000000.0
068270,셀트리온,KOSPI,178100.0,-0.22,294934.0,52527745400.0,41429100000000.0
086790,하나금융지주,KOSPI,133700.0,-1.69,633745.0,84731706500.0,36228700000000.0
066570,LG전자,KOSPI,210500.0,-2.77,544074.0,114527577000.0,34287200000000.0
012330,현대모비스,KOSPI,369000.0,-0.94,187168.0,69064992000.0,33143800000000.0
010120,LS ELECTRIC,KOSPI,207000.0,-2.36,332290.0,68784030000.0,31050000000000.0
035420,NAVER,KOSPI,196000.0,-2.49,1148820.0,225168720000.0,29810500000000.0
000810,삼성화재,KOSPI,648000.0,-1.07,60134.0,38966832000.0,28931600000000.0
298040,효성중공업,KOSPI,2892000.0,-0.31,27462.0,79420104000.0,26966600000000.0
316140,우리금융지주,KOSPI,35500.0,-0.7,1398444.0,49644762000.0,26155900000000.0
267260,HD현대일렉트릭,KOSPI,713000.0,-0.14,70829.0,50501077000.0,25701600000000.0
096770,SK이노베이션,KOSPI,148700.0,5.46,999300.0,148595910000.0,25138100000000.0
042660,한화오션,KOSPI,80700.0,-1.1,887793.0,71644895100.0,24727600000000.0
005490,POSCO홀딩스,KOSPI,311500.0,-1.89,194134.0,60472741000.0,24683700000000.0
000150,두산,KOSPI,1515000.0,2.85,79240.0,120048600000.0,24533700000000.0
009540,HD한국조선해양,KOSPI,335000.0,-1.33,112468.0,37676780000.0,23709000000000.0
010130,고려아연,KOSPI,1116000.0,0.54,8388.0,9361008000.0,23294200000000.0
042700,한미반도체,KOSPI,243000.0,1.25,369301.0,89740143000.0,23160900000000.0
138040,메리츠금융지주,KOSPI,125500.0,-2.64,148894.0,18686197000.0,21002100000000.0
011200,HMM,KOSPI,20850.0,-1.65,562695.0,11732190750.0,19666500000000.0
015760,한국전력,KOSPI,30450.0,-1.3,1512317.0,46050052650.0,19547800000000.0
017670,SK텔레콤,KOSPI,87000.0,-0.34,567429.0,49366323000.0,18686700000000.0
033780,KT&G,KOSPI,174500.0,-1.58,266604.0,46522398000.0,18114900000000.0
010140,삼성중공업,KOSPI,20450.0,-0.73,2284205.0,46711992250.0,17996000000000.0
051910,LG화학,KOSPI,253000.0,-0.39,142057.0,35940421000.0,17859900000000.0
010950,S-Oil,KOSPI,156500.0,1.43,376025.0,58847912500.0,17619200000000.0
006800,미래에셋증권,KOSPI,32350.0,-1.52,806683.0,26096195050.0,17566700000000.0
003550,LG,KOSPI,113400.0,-2.66,141632.0,16061068800.0,17145200000000.0
018260,삼성에스디에스,KOSPI,221000.0,-2.21,94796.0,20949916000.0,17100500000000.0
267250,HD현대,KOSPI,207000.0,0.0,153547.0,31784229000.0,16351600000000.0
024110,기업은행,KOSPI,20450.0,2.25,1485880.0,30386246000.0,16307400000000.0
003670,포스코퓨처엠,KOSPI,180600.0,-1.95,555377.0,100301086200.0,16063700000000.0
079550,LIG디펜스앤에어로스페이스,KOSPI,699000.0,-0.71,65278.0,45629322000.0,15378000000000.0
035720,카카오,KOSPI,33800.0,-1.02,1380964.0,46676583200.0,14973400000000.0
086280,현대글로비스,KOSPI,198000.0,-2.46,218216.0,43206768000.0,14850000000000.0
272210,한화시스템,KOSPI,74400.0,-3.88,954059.0,70981989600.0,14055600000000.0
278470,에이피알,KOSPI,369000.0,2.07,186907.0,68968683000.0,13814700000000.0
000720,현대건설,KOSPI,122300.0,-6.85,1201523.0,146946262900.0,13618800000000.0
030200,KT,KOSPI,52900.0,-0.38,178932.0,9465502800.0,13331900000000.0
064350,현대로템,KOSPI,116700.0,-0.34,219444.0,25609114800.0,12736900000000.0
011070,LG이노텍,KOSPI,536000.0,-1.11,111212.0,59609632000.0,12685600000000.0
047810,한국항공우주,KOSPI,128400.0,-1.46,187480.0,24072432000.0,12515800000000.0
005830,DB손해보험,KOSPI,184000.0,-1.02,164514.0,30270576000.0,12052100000000.0
003490,대한항공,KOSPI,31500.0,0.32,4154511.0,130867096500.0,11598900000000.0
443060,HD현대마린솔루션,KOSPI,240000.0,-1.23,50951.0,12228240000.0,10760000000000.0
307950,현대오토에버,KOSPI,380500.0,-1.17,40369.0,15360404500.0,10434800000000.0
071050,한국금융지주,KOSPI,186600.0,0.16,163219.0,30456665400.0,10398500000000.0
078930,GS,KOSPI,110600.0,0.0,342032.0,37828739200.0,10274200000000.0
006260,LS,KOSPI,322500.0,-1.23,71796.0,23154210000.0,10062000000000.0
047050,포스코인터내셔널,KOSPI,55500.0,-2.12,376658.0,20904519000.0,9763700000000.0
028050,삼성E&A,KOSPI,49600.0,-3.12,2237039.0,110957134400.0,9721600000000.0
005940,NH투자증권,KOSPI,26100.0,0.0,390698.0,10197217800.0,9636300000000.0
323410,카카오뱅크,KOSPI,20000.0,-0.99,976444.0,19528880000.0,9542400000000.0
000500,가온전선,KOSPI,318000.0,-1.09,153677.0,48869286000.0,9469300000000.0
180640,한진칼,KOSPI,140500.0,-2.09,70054.0,9842587000.0,9380100000000.0
003230,삼양식품,KOSPI,1218000.0,-2.72,57242.0,69720756000.0,9175200000000.0
259960,크래프톤,KOSPI,198500.0,-1.73,54382.0,10794827000.0,9114400000000.0
007660,이수페타시스,KOSPI,119200.0,5.58,929301.0,110772679200.0,8750400000000.0
090430,아모레퍼시픽,KOSPI,142200.0,0.14,145314.0,20663650800.0,8317700000000.0
0126Z0,삼성에피스홀딩스,KOSPI,331000.0,-0.15,23658.0,7830798000.0,8236300000000.0
016360,삼성증권,KOSPI,91300.0,0.66,452414.0,41305398200.0,8153100000000.0
047040,대우건설,KOSPI,17700.0,-5.85,10155479.0,179751978300.0,7273100000000.0
161390,한국타이어앤테크놀로지,KOSPI,57300.0,-0.35,253935.0,14550475500.0,7098000000000.0
021240,코웨이,KOSPI,99700.0,-0.1,136952.0,13654114400.0,7055500000000.0
039490,키움증권,KOSPI,265000.0,1.15,54264.0,14379960000.0,6950500000000.0
000880,한화,KOSPI,130100.0,-1.66,61735.0,8031723500.0,6938100000000.0
352820,하이브,KOSPI,157700.0,0.9,242214.0,38197147800.0,6797900000000.0
064400,LG씨엔에스,KOSPI,70000.0,-2.23,532500.0,37275000000.0,6782000000000.0
128940,한미약품,KOSPI,519000.0,3.39,126975.0,65900025000.0,6648900000000.0
009830,한화솔루션,KOSPI,29400.0,7.1,3892862.0,114450142800.0,6611800000000.0
062040,산일전기,KOSPI,205000.0,0.0,124718.0,25567190000.0,6281800000000.0
267270,HD건설기계,KOSPI,130900.0,-4.8,420043.0,54983628700.0,6217400000000.0
032640,LG유플러스,KOSPI,14630.0,0.41,820348.0,12001691240.0,6209400000000.0
196170,알테오젠,KOSDAQ,251500.0,0.8,222524.0,55964786000.0,17518300000000.0
086520,에코프로,KOSDAQ,80100.0,0.0,336246.0,26933304600.0,10875700000000.0
247540,에코프로비엠,KOSDAQ,105500.0,1.15,293226.0,30935343000.0,10321100000000.0
036930,주성엔지니어링,KOSDAQ,209500.0,2.95,873557.0,183010191500.0,9737800000000.0
277810,레인보우로보틱스,KOSDAQ,435500.0,-0.57,44933.0,19568321500.0,8448600000000.0
240810,원익IPS,KOSDAQ,132400.0,1.61,2584001.0,342121732400.0,6498700000000.0
039030,이오테크닉스,KOSDAQ,479500.0,1.27,71864.0,34458788000.0,5907200000000.0
222800,심텍,KOSDAQ,149400.0,0.88,584741.0,87360305400.0,5749600000000.0
058470,리노공업,KOSDAQ,74600.0,-0.53,1493192.0,111392123200.0,5685400000000.0
403870,HPSP,KOSDAQ,55600.0,2.39,1378599.0,76650104400.0,4575900000000.0
095340,ISC,KOSDAQ,212500.0,2.16,117738.0,25019325000.0,4504400000000.0
108490,로보티즈,KOSDAQ,301500.0,0.5,212086.0,63943929000.0,4422100000000.0
319660,피에스케이,KOSDAQ,144200.0,10.16,561095.0,80909899000.0,4177000000000.0
028300,HLB,KOSDAQ,31050.0,0.0,709670.0,22035253500.0,4135800000000.0
440110,파두,KOSDAQ,81400.0,12.59,1278892.0,104101808800.0,4079000000000.0
000250,삼천당제약,KOSDAQ,166600.0,2.46,62923.0,10482971800.0,3908000000000.0
084370,유진테크,KOSDAQ,161800.0,8.3,270216.0,43720948800.0,3707800000000.0
031980,피에스케이홀딩스,KOSDAQ,163200.0,3.16,98410.0,16060512000.0,3519000000000.0
087010,펩트론,KOSDAQ,145200.0,2.25,90241.0,13102993200.0,3385700000000.0
214450,파마리서치,KOSDAQ,323500.0,-0.15,48735.0,15765772500.0,3361100000000.0
131290,티에스이,KOSDAQ,289000.0,2.85,72302.0,20895278000.0,3196800000000.0
064760,티씨케이,KOSDAQ,283000.0,3.85,48692.0,13779836000.0,3163800000000.0
095610,테스,KOSDAQ,161900.0,8.95,358301.0,58008931900.0,3134400000000.0
067310,하나마이크론,KOSDAQ,46200.0,1.2,1706121.0,78822790200.0,3071900000000.0
141080,리가켐바이오,KOSDAQ,80700.0,0.62,125049.0,10091454300.0,2987500000000.0
357780,솔브레인,KOSDAQ,368000.0,9.2,58240.0,21432320000.0,2862500000000.0
298380,에이비엘바이오,KOSDAQ,50700.0,-0.78,482461.0,24460772700.0,2838600000000.0
010170,대한광통신,KOSDAQ,17720.0,-0.51,8890968.0,157547952960.0,2755200000000.0
310210,보로노이,KOSDAQ,145700.0,-0.68,40600.0,5915420000.0,2700700000000.0
080220,제주반도체,KOSDAQ,78000.0,3.17,901381.0,70307718000.0,2686500000000.0
257720,실리콘투,KOSDAQ,38900.0,-2.26,625198.0,24320202200.0,2550900000000.0
140410,메지온,KOSDAQ,82200.0,4.31,132585.0,10898487000.0,2517100000000.0
005290,동진쎄미켐,KOSDAQ,46850.0,9.08,983950.0,46098057500.0,2388000000000.0
319400,현대무벡스,KOSDAQ,21100.0,-1.17,734581.0,15499659100.0,2350000000000.0
145020,휴젤,KOSDAQ,186800.0,-1.89,42222.0,7887069600.0,2337800000000.0
226950,올릭스,KOSDAQ,102300.0,0.1,122154.0,12496354200.0,2327400000000.0
032820,우리기술,KOSDAQ,12980.0,-3.28,2958227.0,38397786460.0,2242700000000.0
058610,에스피지,KOSDAQ,100900.0,2.13,359173.0,36240555700.0,2237700000000.0
030530,원익홀딩스,KOSDAQ,28000.0,5.66,6640185.0,185925180000.0,2162700000000.0
214370,케어젠,KOSDAQ,40050.0,1.78,56205.0,2251010250.0,2151300000000.0
263750,펄어비스,KOSDAQ,33700.0,-1.32,125162.0,4217959400.0,2117800000000.0
347850,디앤디파마텍,KOSDAQ,44650.0,4.32,504491.0,22525523150.0,2053700000000.0
178320,서진시스템,KOSDAQ,32050.0,1.75,617764.0,19799336200.0,2042300000000.0
043260,성호전자,KOSDAQ,26750.0,-0.74,2792564.0,74701087000.0,2018300000000.0
214150,클래시스,KOSDAQ,30750.0,0.65,63449.0,1951056750.0,2006000000000.0
098460,고영,KOSDAQ,29150.0,0.87,725651.0,21152726650.0,1988200000000.0
041510,에스엠,KOSDAQ,82800.0,1.47,100390.0,8312292000.0,1895700000000.0
237690,에스티팜,KOSDAQ,90800.0,0.22,48558.0,4409066400.0,1895600000000.0
083650,비에이치아이,KOSDAQ,60500.0,-5.91,569185.0,34435692500.0,1872100000000.0
140860,파크시스템스,KOSDAQ,265000.0,5.37,51257.0,13583105000.0,1855700000000.0
089030,테크윙,KOSDAQ,49150.0,3.26,839576.0,41265160400.0,1821200000000.0
131970,두산테스나,KOSDAQ,94200.0,0.86,200835.0,18918657000.0,1820600000000.0
060370,LS마린솔루션,KOSDAQ,33500.0,1.06,165986.0,5560531000.0,1750000000000.0
036540,SFA반도체,KOSDAQ,10570.0,-0.47,6183347.0,65357977790.0,1738300000000.0
068760,셀트리온제약,KOSDAQ,39100.0,0.77,34703.0,1356887300.0,1736100000000.0
089970,브이엠,KOSDAQ,62800.0,10.95,1053651.0,66169282800.0,1653300000000.0
437730,삼현,KOSDAQ,51700.0,-4.08,403680.0,20870256000.0,1639300000000.0
183300,코미코,KOSDAQ,31500.0,1.78,397612.0,12524778000.0,1617900000000.0
007390,네이처셀,KOSDAQ,24700.0,-0.8,107237.0,2648753900.0,1591500000000.0
096530,씨젠,KOSDAQ,33850.0,-1.02,164325.0,5562401250.0,1582000000000.0
218410,RFHIC,KOSDAQ,58800.0,-0.34,310613.0,18264044400.0,1562600000000.0
420770,기가비스,KOSDAQ,123100.0,3.01,107431.0,13224756100.0,1560400000000.0
323280,태성,KOSDAQ,47050.0,1.18,254887.0,11992433350.0,1436800000000.0
204270,제이앤티씨,KOSDAQ,24000.0,-4.19,1055612.0,25334688000.0,1388400000000.0
0009K0,에임드바이오,KOSDAQ,21200.0,0.0,85923.0,1821567600.0,1377800000000.0
039200,오스코텍,KOSDAQ,35800.0,-1.1,74922.0,2682207600.0,1369600000000.0
078600,대주전자재료,KOSDAQ,86800.0,-0.12,70344.0,6105859200.0,1363100000000.0
241710,코스메카코리아,KOSDAQ,127100.0,-0.24,63756.0,8103387600.0,1357400000000.0
950160,코오롱티슈진,KOSDAQ,15890.0,3.72,674023.0,10710225470.0,1350200000000.0
035900,JYP Ent.,KOSDAQ,37800.0,0.8,91254.0,3449401200.0,1343100000000.0
082920,비츠로셀,KOSDAQ,28100.0,-3.1,276271.0,7763215100.0,1268400000000.0
290650,엘앤씨바이오,KOSDAQ,47000.0,0.11,60473.0,2842231000.0,1267600000000.0
003380,하림지주,KOSDAQ,11090.0,2.21,306529.0,3399406610.0,1242100000000.0
347700,스피어,KOSDAQ,23450.0,3.99,1877045.0,44016705250.0,1208900000000.0
950260,인제니아테라퓨틱스(Reg.S),KOSDAQ,24200.0,3.2,3339114.0,80806558800.0,1196600000000.0
127120,제이에스링크,KOSDAQ,32000.0,-2.29,65750.0,2104000000.0,1190100000000.0
232140,와이씨,KOSDAQ,14270.0,-0.28,1780267.0,25404410090.0,1170800000000.0
166090,하나머티리얼즈,KOSDAQ,58900.0,3.7,121481.0,7155230900.0,1164900000000.0
195940,HK이노엔,KOSDAQ,38900.0,1.17,71739.0,2790647100.0,1102000000000.0
252990,샘씨엔에스,KOSDAQ,18110.0,4.26,637243.0,11540470730.0,1090500000000.0
356860,티엘비,KOSDAQ,44750.0,0.56,578125.0,25871093750.0,1060600000000.0
056190,SFA,KOSDAQ,28150.0,0.72,66453.0,1870651950.0,1010800000000.0
086450,동국제약,KOSDAQ,21450.0,4.63,821174.0,17614182300.0,970200000000.0
458870,씨어스,KOSDAQ,25200.0,-1.56,113482.0,2859746400.0,966300000000.0
293490,카카오게임즈,KOSDAQ,9030.0,1.57,284286.0,2567102580.0,963900000000.0
100790,미래에셋벤처투자,KOSDAQ,17850.0,3.18,505395.0,9021300750.0,948200000000.0
101490,에스앤에스텍,KOSDAQ,44350.0,3.02,194001.0,8603944350.0,946200000000.0
119850,지엔씨에너지,KOSDAQ,56100.0,2.19,445029.0,24966126900.0,922800000000.0
417200,LS머트리얼즈,KOSDAQ,13570.0,1.65,771729.0,10472362530.0,918000000000.0
160190,하이젠알앤엠,KOSDAQ,29450.0,2.26,187457.0,5520608650.0,909700000000.0
083450,GST,KOSDAQ,49300.0,0.51,88968.0,4386122400.0,908600000000.0
388210,씨엠티엑스,KOSDAQ,89400.0,5.42,72548.0,6485791200.0,863100000000.0
065350,신성델타테크,KOSDAQ,31350.0,1.29,70767.0,2218545450.0,861600000000.0
099320,쎄트렉아이,KOSDAQ,78200.0,0.77,46480.0,3634736000.0,856400000000.0
035760,CJ ENM,KOSDAQ,38900.0,2.91,56042.0,2180033800.0,853000000000.0
036830,솔브레인홀딩스,KOSDAQ,41500.0,5.87,63358.0,2629357000.0,850900000000.0
445680,큐리옥스바이오시스템즈,KOSDAQ,49050.0,3.92,49758.0,2440629900.0,844900000000.0
115180,큐리언트,KOSDAQ,22500.0,0.0,47090.0,1059525000.0,844500000000.0
327260,RF머트리얼즈,KOSDAQ,46700.0,-3.21,552483.0,25800956100.0,840100000000.0
031330,에스에이엠티,KOSDAQ,8250.0,0.0,369207.0,3045957750.0,825000000000.0
093370,후성,KOSPI,13940.0,2.5,7496102.0,104495661880.0,1495100000000.0
009580,무림P&P,KOSPI,1792.0,-1.27,5165762.0,9257045504.0,111800000000.0
058860,KTis,KOSPI,2590.0,5.71,5043256.0,13062033040.0,90100000000.0
034220,LG디스플레이,KOSPI,8500.0,0.35,3730831.0,31712063500.0,4250000000000.0
009190,대양금속,KOSPI,963.0,-14.85,3661310.0,3525841530.0,42400000000.0
018880,한온시스템,KOSPI,3245.0,-2.26,3434871.0,11146156395.0,3330200000000.0
001440,대한전선,KOSPI,31350.0,-0.79,3032595.0,95071853250.0,6144400000000.0
012200,계양전기,KOSPI,3300.0,-13.61,3032328.0,10006682400.0,89800000000.0
017900,광전자,KOSPI,9880.0,-3.14,3000362.0,29643576560.0,572500000000.0
010580,에스엠벡셀,KOSPI,2710.0,0.0,2953642.0,8004369820.0,301500000000.0
006360,GS건설,KOSPI,34750.0,-7.21,2377160.0,82606310000.0,2974000000000.0
028670,팬오션,KOSPI,5610.0,-3.11,2318248.0,13005371280.0,2998900000000.0
088350,한화생명,KOSPI,5680.0,0.53,2075772.0,11790384960.0,4933300000000.0
003280,흥아해운,KOSPI,1785.0,-0.89,1897236.0,3386566260.0,429200000000.0
353200,대덕전자,KOSPI,119200.0,6.14,1578412.0,188146710400.0,5890500000000.0
452260,한화갤러리아,KOSPI,2770.0,1.84,1576380.0,4366572600.0,537000000000.0
006340,대원전선,KOSPI,13530.0,-0.95,1548933.0,20957063490.0,1060900000000.0
092220,KEC,KOSPI,3185.0,6.34,1499785.0,4776815225.0,127900000000.0
073240,금호타이어,KOSPI,6540.0,-2.68,1491912.0,9757104480.0,1878700000000.0
002360,SH에너지화학,KOSPI,2610.0,23.11,1374746.0,3588087060.0,29000000000.0
001510,SK증권,KOSPI,2330.0,-0.21,1351884.0,3149889720.0,538900000000.0
001210,금호전기,KOSPI,9960.0,-1.78,1335841.0,13304976360.0,124800000000.0
003350,한국화장품제조,KOSPI,15650.0,3.92,1291081.0,20205417650.0,354600000000.0
419050,삼기에너지솔루션즈,KOSDAQ,1884.0,17.53,36461754.0,68693944536.0,107800000000.0
321370,센서뷰,KOSDAQ,1794.0,3.88,26382494.0,47330194236.0,126700000000.0
0010S0,와이즈플래닛컴퍼니,KOSDAQ,45700.0,280.83,26080671.0,1191886664700.0,457900000000.0
201490,미투온,KOSDAQ,3675.0,-1.34,18096681.0,66505302675.0,120300000000.0
356680,엑스게이트,KOSDAQ,18320.0,10.76,17809737.0,326274381840.0,522900000000.0
203650,드림시큐리티,KOSDAQ,2830.0,5.2,15868736.0,44908522880.0,287800000000.0
393210,토마토시스템,KOSDAQ,3715.0,12.07,15207842.0,56497133030.0,58000000000.0
303810,동국생명과학,KOSDAQ,2760.0,-9.06,13244896.0,36555912960.0,88300000000.0
396300,HT로보틱스,KOSDAQ,6010.0,29.95,12897056.0,77511306560.0,159200000000.0
072950,빛샘전자,KOSDAQ,14030.0,7.92,11884891.0,166745020730.0,113000000000.0
046970,우리로,KOSDAQ,7890.0,3.68,11635487.0,91803992430.0,345800000000.0
069540,빛과전자,KOSDAQ,4020.0,2.29,11362764.0,45678311280.0,453000000000.0
478340,나라스페이스테크놀로지,KOSDAQ,14050.0,7.83,9729490.0,136699334500.0,163100000000.0
255220,SG,KOSDAQ,1210.0,7.56,9721549.0,11763074290.0,132600000000.0
122350,삼기,KOSDAQ,1624.0,1.37,9059094.0,14711968656.0,62300000000.0
0161M0,네오사피엔스,KOSDAQ,24800.0,-19.35,8433669.0,209154991200.0,303000000000.0
299660,셀리드,KOSDAQ,2605.0,-9.71,7834941.0,20410021305.0,76900000000.0
387690,레메디,KOSDAQ,18390.0,18.49,7782429.0,143118869310.0,140200000000.0
209640,와이제이링크,KOSDAQ,3895.0,5.27,7293704.0,28408977080.0,110800000000.0
115440,우리넷,KOSDAQ,12120.0,29.9,7090222.0,85933490640.0,130800000000.0
027040,서울전자통신,KOSDAQ,1851.0,8.63,7056070.0,13060785570.0,25800000000.0
0200G0,한국제17호스팩,KOSDAQ,1900.0,-11.83,6464570.0,12282683000.0,16500000000.0
299170,더블유에스아이,KOSDAQ,1364.0,-11.72,6347495.0,8657983180.0,56600000000.0
312610,에이에프더블류,KOSDAQ,106.0,19.1,5506283.0,583665998.0,2100000000.0
158430,아톤,KOSDAQ,5550.0,3.16,5267798.0,29236278900.0,135900000000.0
054920,한컴위드,KOSDAQ,4780.0,0.74,4905133.0,23446535740.0,134900000000.0
027360,아주IB투자,KOSDAQ,4075.0,2.64,4099404.0,16705071300.0,493700000000.0
394800,쓰리빌리언,KOSDAQ,5530.0,17.53,3785378.0,20933140340.0,176000000000.0
274090,켄코아에어로스페이스,KOSDAQ,12940.0,3.77,3663756.0,47409002640.0,178200000000.0
446540,메가터치,KOSDAQ,10890.0,15.36,3520445.0,38337646050.0,316700000000.0
011080,형지I&C,KOSDAQ,500.0,-0.2,3462782.0,1731391000.0,3500000000.0
018000,유니슨,KOSDAQ,1282.0,2.97,3416198.0,4379565836.0,374200000000.0
386380,스카이랩스,KOSDAQ,23050.0,-3.76,3333924.0,76846948200.0,432500000000.0
0209J0,KB제34호스팩,KOSDAQ,1898.0,-0.84,3330444.0,6321182712.0,13700000000.0
196490,디에이테크놀로지,KOSDAQ,202.0,-96.68,3277513.0,662057626.0,2300000000.0
062970,한국첨단소재,KOSDAQ,3080.0,3.18,3146762.0,9692026960.0,92800000000.0
406820,뷰티스킨,KOSDAQ,2370.0,2.16,3088228.0,7319100360.0,33500000000.0
308100,형지글로벌,KOSDAQ,292.0,5.42,2952412.0,862104304.0,7500000000.0
067290,JW신약,KOSDAQ,3155.0,-1.41,2945455.0,9292910525.0,176800000000.0
462860,더즌,KOSDAQ,3035.0,2.19,2941878.0,8928599730.0,217800000000.0
084180,수성웹툰,KOSDAQ,217.0,3.33,2896107.0,628455219.0,3900000000.0
253590,네오셈,KOSDAQ,13640.0,3.33,2779052.0,37906269280.0,598400000000.0
232830,아이티센피엔에스,KOSDAQ,2930.0,5.97,2741495.0,8032580350.0,48400000000.0
0010F0,보원케미칼,KOSDAQ,2550.0,11.6,2701358.0,6888462900.0,28400000000.0
012210,삼미금속,KOSDAQ,12460.0,-7.98,2694919.0,33578690740.0,287200000000.0
090710,휴림로봇,KOSDAQ,6250.0,-2.34,2270654.0,14191587500.0,747200000000.0
486990,노타,KOSDAQ,20400.0,-9.53,2268395.0,46275258000.0,436400000000.0
079370,제우스,KOSDAQ,12870.0,15.43,2179697.0,28052700390.0,399200000000.0
041190,우리기술투자,KOSDAQ,5990.0,0.17,2165904.0,12973764960.0,478000000000.0
0039P0,매드업,KOSDAQ,7780.0,4.29,2142515.0,16668766700.0,146300000000.0
025980,아난티,KOSDAQ,5260.0,-3.84,2091246.0,10999953960.0,511800000000.0
024840,KBI메탈,KOSDAQ,6350.0,-1.24,2032142.0,12904101700.0,276000000000.0
417840,저스템,KOSDAQ,17230.0,8.5,1983085.0,34168554550.0,395400000000.0
439580,블루엠텍,KOSDAQ,2710.0,-13.14,1839482.0,4984996220.0,91700000000.0
065170,비엘팜텍,KOSDAQ,2395.0,6.44,1727818.0,4138124110.0,66900000000.0
270520,앱튼,KOSDAQ,2020.0,-16.36,1717544.0,3469438880.0,46800000000.0
100590,머큐리,KOSDAQ,4995.0,2.15,1714699.0,8564921505.0,85600000000.0
431190,케이쓰리아이,KOSDAQ,4305.0,11.82,1695384.0,7298628120.0,32200000000.0
026910,광진실업,KOSDAQ,2590.0,-13.23,1677028.0,4343502520.0,20500000000.0
042370,비츠로테크,KOSDAQ,10640.0,-3.01,1606016.0,17088010240.0,278800000000.0
456010,아이씨티케이,KOSDAQ,22900.0,2.92,1492535.0,34179051500.0,332100000000.0
144960,뉴파워프라즈마,KOSDAQ,12780.0,4.58,1440331.0,18407430180.0,558400000000.0
050890,쏠리드,KOSDAQ,9620.0,1.26,1417475.0,13636109500.0,584500000000.0
314130,지놈앤컴퍼니,KOSDAQ,4765.0,12.65,1394937.0,6646874805.0,249200000000.0
332570,PS일렉트로닉스,KOSDAQ,8820.0,0.68,1298694.0,11454481080.0,405200000000.0
125490,한라캐스트,KOSDAQ,12150.0,-2.02,1287820.0,15647013000.0,443500000000.0
215790,이노인스트루먼트,KOSDAQ,681.0,-0.87,1226847.0,835482807.0,27400000000.0
340450,지씨지놈,KOSDAQ,8080.0,10.84,1188856.0,9605956480.0,191100000000.0
092870,엑시콘,KOSDAQ,43300.0,13.95,1152464.0,49901691200.0,565100000000.0
033160,엠케이전자,KOSDAQ,16550.0,5.55,1117466.0,18494062300.0,406500000000.0
288980,모아데이타,KOSDAQ,246.0,-2.38,1070945.0,263452470.0,8900000000.0
080580,오킨스전자,KOSDAQ,25050.0,8.91,1050265.0,26309138250.0,528300000000.0
045390,대아티아이,KOSDAQ,3190.0,-2.15,1046508.0,3338360520.0,224800000000.0
487400,케이앤에스아이앤씨,KOSDAQ,7420.0,8.16,1044623.0,7751102660.0,76100000000.0
079650,서산,KOSDAQ,6240.0,6.67,1040062.0,6489986880.0,124800000000.0
036710,심텍홀딩스,KOSDAQ,4425.0,6.37,1031664.0,4565113200.0,233800000000.0
291810,핀텔,KOSDAQ,1189.0,-0.34,1018833.0,1211392437.0,16700000000.0
042000,카페24,KOSDAQ,17800.0,18.67,951709.0,16940420200.0,430400000000.0
425040,티이엠씨,KOSDAQ,12950.0,3.93,950998.0,12315424100.0,283900000000.0
145170,노브랜드,KOSDAQ,2735.0,4.39,938378.0,2566463830.0,46200000000.0
033790,피노,KOSDAQ,7600.0,1.6,938306.0,7131125600.0,633200000000.0
159010,아스플로,KOSDAQ,29400.0,21.24,925696.0,27215462400.0,392000000000.0
032940,원익,KOSDAQ,9360.0,0.54,919643.0,8607858480.0,170300000000.0
488280,에스투더블유,KOSDAQ,15610.0,7.51,917269.0,14318569090.0,169000000000.0
044450,KSS해운,KOSPI,11730.0,16.6,892666.0,10470972180.0,264800000000.0
010060,OCI홀딩스,KOSPI,206500.0,9.84,435108.0,89849802000.0,3855400000000.0
281820,케이씨텍,KOSPI,87400.0,8.44,298491.0,26088113400.0,1730400000000.0
004545,깨끗한나라우,KOSPI,3575.0,8.17,1053.0,3764475.0,1300000000.0
229640,LS에코에너지,KOSPI,64000.0,7.56,634008.0,40576512000.0,1960000000000.0
014915,성문전자우,KOSPI,5200.0,7.22,760.0,3952000.0,3100000000.0
077500,유니퀘스트,KOSPI,9150.0,7.14,805775.0,7372841250.0,197600000000.0
103590,일진전기,KOSPI,81800.0,6.93,999539.0,81762290200.0,3900700000000.0
069640,한세엠케이,KOSPI,1390.0,6.51,19660.0,27327400.0,30200000000.0
361610,SK아이이테크놀로지,KOSPI,17190.0,6.31,606475.0,10425305250.0,1405900000000.0
001340,PKC,KOSPI,5130.0,5.99,286444.0,1469457720.0,231000000000.0
004770,써니전자,KOSPI,2005.0,5.92,856173.0,1716626865.0,71200000000.0
020120,키다리스튜디오,KOSPI,7950.0,5.86,270805.0,2152899750.0,294700000000.0
014680,한솔케미칼,KOSPI,238000.0,5.78,52460.0,12485480000.0,2569000000000.0
010955,S-Oil우,KOSPI,83600.0,5.69,76009.0,6354352400.0,336200000000.0
003160,디아이,KOSPI,36750.0,5.6,774795.0,28473716250.0,1040000000000.0
006120,SK디스커버리,KOSPI,60700.0,5.57,51651.0,3135215700.0,1057000000000.0
004440,삼일씨엔에스,KOSPI,5420.0,5.45,743750.0,4031125000.0,69000000000.0
004105,태양금속우,KOSPI,3880.0,5.43,104520.0,405537600.0,12800000000.0
101140,인바이오젠,KOSPI,4910.0,5.14,6405.0,31448550.0,49300000000.0
011300,우성머티리얼스,KOSPI,2855.0,4.96,145098.0,414254790.0,49200000000.0
456040,OCI,KOSPI,76900.0,4.63,38579.0,2966725100.0,688400000000.0
001560,제일연마,KOSPI,9360.0,4.58,630.0,5896800.0,71100000000.0
058850,KTcs,KOSPI,2190.0,4.29,933504.0,2044373760.0,90700000000.0
007980,TP,KOSPI,1783.0,4.15,641318.0,1143469994.0,83600000000.0
005070,코스모신소재,KOSPI,41700.0,4.12,96872.0,4039562400.0,1385000000000.0
012170,아센디오,KOSPI,2935.0,4.08,22581.0,66275235.0,21400000000.0
009835,한화솔루션우,KOSPI,16820.0,3.96,8494.0,142869080.0,42800000000.0
096775,SK이노베이션우,KOSPI,71100.0,3.95,9122.0,648574200.0,88800000000.0
118000,메타케어,KOSPI,1332.0,3.9,13345.0,17775540.0,29400000000.0
054780,키이스트,KOSDAQ,1566.0,17.66,669484.0,1048411944.0,30800000000.0
468530,프로티나,KOSDAQ,46900.0,17.4,424234.0,19896574600.0,520800000000.0
084650,랩지노믹스,KOSDAQ,2925.0,17.0,789606.0,2309597550.0,43400000000.0
389650,넥스트바이오메디컬,KOSDAQ,32600.0,15.19,75810.0,2471406000.0,269800000000.0
239340,이스트에이드,KOSDAQ,2580.0,14.92,111036.0,286472880.0,13900000000.0
147760,피엠티,KOSDAQ,3890.0,14.75,812632.0,3161138480.0,77800000000.0
354320,알멕,KOSDAQ,42700.0,14.02,281298.0,12011424600.0,272900000000.0
129920,대성하이텍,KOSDAQ,6430.0,14.01,321885.0,2069720550.0,104500000000.0
246960,SCL사이언스,KOSDAQ,2770.0,13.29,477149.0,1321702730.0,94200000000.0
127710,아시아경제,KOSDAQ,1328.0,11.88,97166.0,129036448.0,58500000000.0
445180,퓨릿,KOSDAQ,8890.0,11.26,276255.0,2455906950.0,152800000000.0
032580,피델릭스,KOSDAQ,7020.0,10.55,902516.0,6335662320.0,232600000000.0
295310,에이치브이엠,KOSDAQ,64100.0,10.14,307985.0,19741838500.0,795100000000.0
188260,세니젠,KOSDAQ,2200.0,10.11,107926.0,237437200.0,30600000000.0
493280,아이엠바이오로직스,KOSDAQ,17520.0,10.05,315717.0,5531361840.0,260100000000.0
355390,크라우드웍스,KOSDAQ,1544.0,10.05,536785.0,828796040.0,24500000000.0
064520,테크엘,KOSDAQ,1616.0,9.93,3162.0,5109792.0,36100000000.0
238200,비피도,KOSDAQ,2875.0,9.52,1255.0,3608125.0,23500000000.0
056360,코위버,KOSDAQ,6380.0,9.43,419159.0,2674234420.0,62500000000.0
032960,동일기연,KOSDAQ,2395.0,9.36,75248.0,180218960.0,42100000000.0
170920,엘티씨,KOSDAQ,38500.0,9.07,330073.0,12707810500.0,406700000000.0
071280,로체시스템즈,KOSDAQ,7950.0,9.05,586377.0,4661697150.0,121600000000.0
064850,에프앤가이드,KOSDAQ,20300.0,8.96,50922.0,1033716600.0,231600000000.0
338220,뷰노,KOSDAQ,5610.0,8.93,398402.0,2235035220.0,78600000000.0
377330,이지트로닉스,KOSDAQ,2770.0,8.63,8410.0,23295700.0,22500000000.0
114810,한솔아이원스,KOSDAQ,14630.0,8.13,479998.0,7022370740.0,411700000000.0
117730,티로보틱스,KOSDAQ,14200.0,8.07,572469.0,8129059800.0,320300000000.0
086390,유니테스트,KOSDAQ,13280.0,8.06,300980.0,3997014400.0,280700000000.0
397810,애드포러스,KOSDAQ,6850.0,8.04,44856.0,307263600.0,35400000000.0
104040,디에스엠,KOSDAQ,2645.0,7.96,70423.0,186268835.0,70900000000.0
389680,유디엠텍,KOSDAQ,3005.0,7.9,117456.0,352955280.0,25000000000.0
104830,원익머트리얼즈,KOSDAQ,36900.0,7.74,90290.0,3331701000.0,465200000000.0
323350,다원넥스뷰,KOSDAQ,10200.0,7.48,112961.0,1152202200.0,81700000000.0
131760,파인텍,KOSDAQ,1302.0,7.34,600890.0,782358780.0,11300000000.0
286750,나노실리칸첨단소재,KOSDAQ,2675.0,7.21,51467.0,137674225.0,42800000000.0
291650,츌립앤사이언스,KOSDAQ,1885.0,7.16,30007.0,56563195.0,57500000000.0
264450,유비쿼스,KOSDAQ,11410.0,7.14,507179.0,5786912390.0,167300000000.0
017890,한국알콜,KOSDAQ,15420.0,7.08,247462.0,3815864040.0,318800000000.0
187870,디바이스,KOSDAQ,12000.0,7.05,164027.0,1968324000.0,166400000000.0
236200,슈프리마,KOSDAQ,55400.0,6.95,35123.0,1945814200.0,386400000000.0
102710,이엔에프테크놀로지,KOSDAQ,46000.0,6.85,86582.0,3982772000.0,657200000000.0
002680,한탑,KOSDAQ,2830.0,6.79,115905.0,328011150.0,21900000000.0
053290,NE능률,KOSDAQ,1670.0,6.71,7706.0,12869020.0,27600000000.0
393890,더블유씨피,KOSDAQ,10570.0,6.66,339789.0,3591569730.0,357700000000.0
089890,코세스,KOSDAQ,28850.0,6.46,184644.0,5326979400.0,478500000000.0
0088M0,메쥬,KOSDAQ,13870.0,6.45,250716.0,3477430920.0,137100000000.0
048910,대원미디어,KOSDAQ,7080.0,6.31,125302.0,887138160.0,89100000000.0
153460,네이블,KOSDAQ,5730.0,6.11,1141.0,6537930.0,37400000000.0
215380,콜마바이오텍,KOSDAQ,2285.0,6.03,66741.0,152503185.0,38500000000.0
065680,우주일렉트로,KOSDAQ,27300.0,6.02,56292.0,1536771600.0,252300000000.0
024850,HLB이노베이션,KOSDAQ,15160.0,6.01,167173.0,2534342680.0,481400000000.0
085910,네오티스,KOSDAQ,16900.0,5.89,331398.0,5600626200.0,233100000000.0
380550,뉴로핏,KOSDAQ,7800.0,5.83,766627.0,5979690600.0,95200000000.0
330860,네패스아크,KOSDAQ,29300.0,5.78,192518.0,5640777400.0,357000000000.0
256630,포인트엔지니어링,KOSDAQ,4580.0,5.77,577.0,2642660.0,53100000000.0
115500,케이씨에스,KOSDAQ,10200.0,5.7,488290.0,4980558000.0,122400000000.0
234340,헥토파이낸셜,KOSDAQ,22600.0,5.61,441373.0,9975029800.0,315700000000.0
208710,포톤,KOSDAQ,2855.0,5.55,513815.0,1466941825.0,37600000000.0
255440,야스,KOSDAQ,7450.0,5.52,98444.0,733407800.0,97300000000.0
366030,나인앤컴퍼니,KOSDAQ,4690.0,5.51,91511.0,429186590.0,106200000000.0
187220,디티앤씨,KOSDAQ,2090.0,5.5,9192.0,19211280.0,24100000000.0
126340,비나텍,KOSDAQ,86400.0,5.49,161765.0,13976496000.0,620400000000.0
